profile_name,Origin_X,Origin_Y,Azimuth
MA002,"622,294.69","461,620.86",104.38
MA003,"622,195.36","461,233.39",104.38
MA004,"622,071.20","460,749.05",104.38
MA005,"621,947.03","460,264.71",104.38
MA006,"621,822.87","459,780.37",104.38
MA007,"621,698.71","459,296.04",104.38
MA008,"621,574.55","458,811.70",104.38
MA009,"621,450.38","458,327.36",104.38
MA010,"621,326.22","457,843.02",104.38
MA011,"621,202.06","457,358.68",104.38
MA012,"621,099.96","456,857.85",101.37
MA013,"621,001.52","456,368.31",101.37
MA014,"620,902.96","455,878.12",101.37
MA015,"620,804.39","455,387.93",101.37
MA016,"620,705.83","454,897.74",101.37
MA017,"620,607.26","454,407.55",101.37
MA018,"620,508.70","453,917.37",101.37
MA019,"620,410.13","453,427.18",101.37
MA020,"620,311.57","452,936.99",101.37
MA021,"620,222.60","452,435.61",98.69
MA022,"620,147.05","451,941.35",98.69
MA023,"620,071.50","451,447.09",98.69
MA024,"619,995.94","450,952.83",98.69
MA025,"619,920.39","450,458.57",98.69
MA026,"619,844.84","449,964.32",98.69
MA027,"619,769.28","449,470.06",98.69
MA028,"619,693.73","448,975.80",98.69
MA029,"619,618.18","448,481.54",98.69
MA030,"619,542.62","447,987.28",98.69
MA031,"619,464.71","447,497.22",99.77
MA032,"619,379.87","447,004.47",99.77
MA033,"619,295.02","446,511.72",99.77
MA034,"619,210.17","446,018.98",99.77
MA035,"619,125.32","445,526.23",99.77
MA036,"619,040.48","445,033.48",99.77
MA037,"618,955.63","444,540.73",99.77
MA038,"618,870.78","444,047.98",99.77
MA039,"618,785.45","443,556.84",100.2
MA040,"618,696.90","443,064.75",100.2
MA041,"618,608.36","442,572.65",100.2
MA042,"618,519.81","442,080.55",100.2
MA043,"618,431.27","441,588.45",100.2
MA044,"618,342.72","441,096.36",100.2
MA045,"618,254.18","440,604.26",100.2
MA046,"618,165.64","440,112.16",100.2
MA047,"618,077.09","439,620.07",100.2
MA048,"617,988.55","439,127.97",100.2
MA049,"617,900.33","438,637.82",100.77
MA050,"617,806.93","438,146.62",100.77
MA051,"617,713.54","437,655.41",100.77
MA052,"617,620.15","437,164.21",100.77
MA053,"617,526.76","436,673.01",100.77
MA054,"617,433.37","436,181.81",100.77
MA055,"617,339.98","435,690.61",100.77
MA056,"617,246.58","435,199.41",100.77
MA057,"617,153.19","434,708.21",100.77
MA058,"617,059.80","434,217.01",100.77
MA059,"616,966.41","433,725.81",100.77
MA060,"616,872.95","433,234.86",100.83
MA061,"616,778.98","432,743.77",100.83
MA062,"616,685.01","432,252.68",100.83
MA063,"616,591.04","431,761.59",100.83
MA064,"616,497.07","431,270.50",100.83
MA065,"616,403.10","430,779.41",100.83
MA066,"616,309.13","430,288.32",100.83
MA067,"616,215.16","429,797.23",100.83
MA068,"616,121.19","429,306.14",100.83
MA069,"616,027.22","428,815.05",100.83
MA070,"615,933.25","428,323.96",100.83
MA071,"615,840.93","427,829.79",100.05
MA072,"615,753.68","427,337.46",100.05
MA073,"615,590.95","426,858.51",100.05
MA074,"615,579.17","426,352.80",100.05
MA075,"615,491.91","425,860.48",100.05
MA076,"615,404.66","425,368.15",100.05
MA077,"615,317.40","424,875.82",100.05
MA078,"615,230.15","424,383.49",100.05
MA079,"615,142.89","423,891.17",100.05
MA080,"615,055.64","423,398.84",100.05
MA081,"614,968.21","422,906.71",100.1
MA082,"614,880.53","422,414.46",100.1
MA083,"614,792.86","421,922.21",100.1
MA084,"614,705.18","421,429.96",100.1
MA085,"614,617.51","420,937.70",100.1
MA086,"614,529.83","420,445.45",100.1
MA087,"614,442.15","419,953.20",100.1
MA088,"614,354.48","419,460.94",100.1
MA089,"614,266.80","418,968.69",100.1
MA090,"614,179.13","418,476.44",100.1
MA091,"614,091.45","417,984.18",100.1
MA092,"614,019.32","417,480.84",97.75
MA093,"613,951.93","416,985.76",97.75
MA094,"613,884.49","416,490.33",97.75
MA095,"613,817.06","415,994.89",97.75
MA096,"613,749.62","415,499.46",97.75
MA097,"613,682.18","415,004.03",97.75
MA098,"613,614.75","414,508.60",97.75
MA099,"613,547.31","414,013.17",97.75
MA100,"613,479.87","413,517.74",97.75
MA101,"613,412.43","413,022.31",97.75
MA102,"613,345.00","412,526.88",97.75
MA103,"613,289.75","412,023.24",95.83
MA104,"613,238.97","411,525.82",95.83
MA105,"613,188.19","411,028.41",95.83
MA106,"613,137.40","410,530.99",95.83
MA107,"613,086.62","410,033.58",95.83
MA108,"613,035.84","409,536.16",95.83
MA109,"612,985.06","409,038.75",95.83
MA110,"612,934.28","408,541.33",95.83
MA111,"612,883.50","408,043.92",95.83
MA112,"612,821.69","407,557.74",98.71
MA113,"612,746.01","407,063.82",98.71
MA114,"612,670.28","406,569.58",98.71
MA115,"612,594.55","406,075.35",98.71
MA116,"612,518.82","405,581.12",98.71
MA117,"612,443.08","405,086.89",98.71
MA118,"612,367.35","404,592.66",98.71
MA119,"612,291.62","404,098.43",98.71
MA120,"612,215.89","403,604.20",98.71
MA121,"612,140.16","403,109.96",98.71
MA122,"612,064.43","402,615.73",98.71
MA123,"611,988.70","402,121.50",98.71
MA124,"611,911.85","401,630.85",99.68
MA125,"611,827.80","401,137.98",99.68
MA126,"611,743.74","400,645.10",99.68
MA127,"611,659.68","400,152.21",99.68
MA128,"611,575.63","399,659.33",99.68
MA129,"611,491.57","399,166.45",99.68
MA130,"611,407.52","398,673.56",99.68
MA131,"611,323.46","398,180.68",99.68
MA132,"611,239.40","397,687.79",99.68
MA133,"611,155.35","397,194.91",99.68
MA134,"611,071.29","396,702.03",99.68
MA135,"610,987.24","396,209.14",99.68
MA136,"610,908.47","395,712.22",98.78
MA137,"610,832.15","395,218.08",98.78
MA138,"610,755.83","394,723.94",98.78
MA139,"610,679.51","394,229.80",98.78
MA140,"610,603.19","393,735.66",98.78
MA141,"610,526.88","393,241.52",98.78
MA142,"610,437.00","392,749.47",98.78
MA143,"610,374.24","392,253.23",98.78
MA144,"610,297.92","391,759.09",98.78
MA145,"610,221.60","391,264.95",98.78
MA146,"610,145.29","390,770.81",98.78
MA147,"610,083.31","390,268.43",97.01
MA148,"610,022.33","389,772.16",97.01
LBI003,"604,435.82","338,067.03",118.38
LBI007,"604,277.36","337,773.77",118.38
LBI010,"604,119.03","337,480.76",118.35
LBI013,"603,960.44","337,187.25",118.38
LBI017,"603,801.97","336,893.99",118.38
LBI020,"603,643.78","336,601.22",118.32
LBI023,"603,485.05","336,307.47",118.38
LBI027,"603,326.59","336,014.21",118.38
LBI030,"603,168.53","335,721.69",118.28
LBI033,"603,009.67","335,427.69",118.38
LBI037,"602,851.21","335,134.43",118.38
LBI040,"602,693.28","334,842.16",118.25
LBI043,"602,534.29","334,547.91",118.38
LBI047,"602,375.83","334,254.65",118.38
LBI050,"602,218.03","333,962.62",118.21
LBI053,"602,058.91","333,668.13",118.38
LBI057,"601,900.45","333,374.87",118.38
LBI060,"601,742.78","333,083.09",118.18
LBI063,"601,583.53","332,788.35",118.38
LBI067,"601,425.07","332,495.09",118.38
LBI070,"601,267.54","332,203.55",117.89
LBI073,"601,108.15","331,908.57",118.38
LBI077,"600,949.69","331,615.31",118.38
LBI080,"600,801.76","331,319.36",115.68
LBI083,"600,665.41","331,012.75",113.98
LBI087,"600,529.96","330,708.17",113.98
LBI090,"600,395.53","330,405.89",113.67
LBI093,"600,259.06","330,099.02",113.98
LBI097,"600,123.62","329,794.45",113.98
LBI100,"599,989.30","329,492.43",113.63
LBI103,"599,862.90","329,208.19",113.98
LBI107,"599,717.27","328,880.73",113.98
LBI110,"599,583.07","328,578.96",113.6
LBI113,"599,436.22","328,248.74",113.98
LBI117,"599,310.93","327,967.01",113.98
LBI120,"599,176.84","327,665.50",113.56
LBI123,"599,040.03","327,357.86",113.98
LBI127,"598,904.59","327,053.29",113.98
LBI130,"598,791.98","326,797.28",113.03
LBI133,"598,636.26","326,443.04",112.63
LBI137,"598,508.02","326,135.36",112.63
LBI140,"598,381.29","325,831.28",112.32
LBI143,"598,251.55","325,520.00",112.63
LBI147,"598,123.31","325,212.32",112.63
LBI150,"597,996.69","324,908.50",112.11
LBI153,"597,866.84","324,596.96",112.63
LBI157,"597,738.60","324,289.28",112.63
LBI160,"597,612.08","323,985.72",112.08
LBI163,"597,482.13","323,673.92",112.63
LBI167,"597,354.81","323,368.43",112.63
LBI170,"597,227.48","323,062.94",112.63
LBI173,"597,097.42","322,750.89",112.63
LBI177,"596,969.18","322,443.21",112.63
LBI180,"596,851.45","322,136.79",110.69
LBI183,"596,733.49","321,819.66",110.4
LBI187,"596,617.28","321,507.24",110.4
LBI190,"596,487.23","321,157.61",109.75
LBI193,"596,384.86","320,882.40",110.4
LBI197,"596,268.65","320,569.98",110.4
LBI200,"596,154.38","320,262.79",109.72
LBI203,"596,036.23","319,945.14",110.4
LBI207,"595,911.31","319,609.29",110.4
LBI210,"595,805.85","319,325.79",110.4
LBI213,"595,688.62","319,010.63",110.4
LBI217,"595,571.39","318,695.46",110.4
LBI220,"595,457.32","318,388.79",110.4
LBI223,"595,338.97","318,070.61",110.4
LBI227,"595,222.76","317,758.19",110.4
LBI230,"595,106.55","317,445.77",110.4
LBI233,"594,970.85","317,141.44",114.64
LBI237,"594,831.88","316,838.45",114.64
LBI240,"594,692.91","316,535.47",114.64
LBI243,"594,553.94","316,232.49",114.64
LBI247,"594,414.97","315,929.51",114.64
LBI250,"594,276.00","315,626.52",114.64
LBI253,"594,128.69","315,305.36",114.64
LBI257,"593,998.06","315,020.56",114.64
LBI260,"593,859.10","314,717.57",114.64
LBI263,"593,720.13","314,414.59",114.64
LBI267,"593,581.16","314,111.61",114.64
LBI270,"593,442.19","313,808.63",114.64
LBI273,"593,303.22","313,505.64",114.64
LBI277,"593,164.25","313,202.66",114.64
LBI280,"593,025.28","312,899.68",114.64
LBI283,"592,863.94","312,608.06",119.25
LBI287,"592,701.09","312,317.22",119.25
LBI290,"592,538.23","312,026.38",119.25
LBI293,"592,375.38","311,735.54",119.25
LBI297,"592,212.52","311,444.69",119.25
LBI300,"591,996.11","311,058.20",119.25
LBI303,"591,886.81","310,863.01",119.25
LBI307,"591,723.95","310,572.17",119.25
LBI310,"591,561.10","310,281.32",119.25
LBI313,"591,398.24","309,990.48",119.25
LBI317,"591,235.39","309,699.64",119.25
LBI320,"591,072.53","309,408.80",119.25
LBI323,"590,909.17","309,118.24",120.12
LBI327,"590,741.90","308,829.92",120.12
LBI330,"590,574.62","308,541.60",120.12
LBI333,"590,407.34","308,253.28",120.12
LBI337,"590,240.06","307,964.96",120.12
LBI340,"590,072.79","307,676.63",120.12
LBI343,"589,905.51","307,388.31",120.12
LBI347,"589,738.23","307,099.99",120.12
LBI350,"589,570.95","306,811.67",120.12
LBI353,"589,406.17","306,527.65",120.12
LBI357,"589,241.39","306,243.63",120.12
LBI360,"589,069.12","305,946.71",120.12
LBI363,"588,906.93","305,667.15",120.12
LBI367,"588,739.70","305,378.91",120.12
LBI370,"588,567.29","305,081.74",120.12
LBI373,"588,405.12","304,802.50",120.15
LBI377,"588,237.71","304,514.36",120.16
LBI380,"588,064.98","304,217.05",120.16
LBI383,"587,902.90","303,938.08",120.16
LBI387,"587,735.49","303,649.94",120.16
LBI390,"587,562.62","303,352.39",120.16
LBI393,"587,400.68","303,073.66",120.16
LBI397,"587,233.27","302,785.52",120.16
LBI400,"587,060.26","302,487.74",120.16
LBI403,"586,898.46","302,209.25",120.16
LBI407,"586,731.05","301,921.11",120.16
LBI410,"586,557.90","301,623.08",120.16
LBI413,"586,396.24","301,344.83",120.16
LBI417,"586,228.83","301,056.69",120.16
LBI420,"586,055.53","300,758.42",120.16
LBI423,"585,885.79","300,485.39",121.99
LBI427,"585,708.31","300,203.34",122.18
LBI430,"585,524.44","299,911.14",122.18
LBI433,"585,353.35","299,639.25",122.18
LBI437,"585,175.88","299,357.20",122.18
LBI440,"584,991.86","299,064.76",122.18
LBI443,"584,820.92","298,793.11",122.18
LBI447,"584,643.44","298,511.06",122.18
LBI450,"584,459.28","298,218.39",122.18
LBI453,"584,288.48","297,946.97",122.18
LBI457,"584,111.01","297,664.92",122.18
LBI460,"583,926.69","297,372.01",122.18
LBI463,"583,756.05","297,100.83",122.18
LBI467,"583,578.57","296,818.78",122.18
LBI470,"583,394.11","296,525.63",122.18
LBI473,"583,230.17","296,250.74",120.37
LBI477,"583,064.20","295,961.77",119.87
LBI480,"582,891.56","295,661.19",119.87
LBI483,"582,732.26","295,383.83",119.87
LBI487,"582,566.29","295,094.86",119.87
LBI490,"582,393.51","294,794.04",119.87
LBI493,"582,234.35","294,516.92",119.87
LBI497,"582,068.38","294,227.96",119.87
LBI500,"581,895.46","293,926.89",119.87
LBI503,"581,736.44","293,650.02",119.87
LBI507,"581,570.47","293,361.05",119.87
LBI510,"581,397.41","293,059.74",119.87
LBI513,"581,238.53","292,783.11",119.87
LBI517,"581,072.56","292,494.14",119.85
LBI520,"580,899.60","292,192.46",119.72
LBI523,"580,741.60","291,915.64",119.72
LBI527,"580,576.41","291,626.23",119.72
LBI530,"580,403.89","291,323.97",119.72
LBI533,"580,233.64","291,025.69",119.72
LBI537,"580,080.84","290,757.98",119.72
LBI540,"579,908.18","290,455.48",119.72
LBI543,"579,750.46","290,179.15",119.72
LBI547,"579,585.26","289,889.74",119.72
LBI550,"579,412.47","289,587.00",119.72
LBI553,"579,251.08","289,304.25",119.72
LBI557,"579,089.69","289,021.49",119.72
LBI560,"578,916.76","288,718.51",119.72
LBI563,"578,759.31","288,442.66",119.72
LBI567,"578,594.12","288,153.25",119.72
LBI570,"578,421.05","287,850.02",119.72
LBI573,"578,282.05","287,564.76",116.02
LBI577,"578,136.60","287,264.94",115.88
LBI580,"577,984.08","286,950.56",115.88
LBI583,"577,845.69","286,665.30",115.88
LBI587,"577,700.24","286,365.48",115.88
LBI590,"577,547.60","286,050.85",115.88
LBI593,"577,409.34","285,765.84",115.88
LBI597,"577,263.88","285,466.02",115.88
LBI600,"577,111.12","285,151.13",115.88
LBI603,"576,972.98","284,866.37",115.88
LBI607,"576,827.53","284,566.55",115.88
LBI610,"576,674.65","284,251.42",115.88
LBI613,"576,536.62","283,966.91",115.88
LBI617,"576,391.17","283,667.09",115.88
LBI620,"576,238.17","283,351.70",115.88
LBI623,"576,087.68","283,073.92",118.42
LBI627,"575,928.50","282,781.15",118.53
LBI630,"575,760.93","282,472.94",118.53
LBI633,"575,610.15","282,195.62",118.53
LBI637,"575,450.97","281,902.85",118.53
LBI640,"575,283.26","281,594.40",118.53
LBI643,"575,132.62","281,317.32",118.53
LBI647,"574,973.44","281,024.56",118.53
LBI650,"574,805.60","280,715.86",118.53
LBI653,"574,655.08","280,439.02",118.53
LBI657,"574,495.91","280,146.26",118.53
LBI660,"574,327.93","279,837.32",118.53
LBI663,"574,177.55","279,560.73",118.53
LBI667,"574,018.37","279,267.96",118.53
LBI670,"573,850.27","278,958.77",118.53
LBI673,"573,690.92","278,687.65",120.72
LBI677,"573,518.81","278,402.29",121.1
LBI680,"573,336.91","278,100.69",121.1
LBI683,"573,174.60","277,831.58",121.1
LBI687,"573,002.49","277,546.22",121.1
LBI690,"572,820.44","277,244.38",121.1
LBI693,"572,658.28","276,975.51",121.1
LBI697,"572,486.17","276,690.15",121.1
LBI700,"572,303.98","276,388.07",121.1
LBI703,"572,141.96","276,119.44",121.1
LBI707,"571,969.80","275,834.00",121.1
LBI710,"571,787.51","275,531.76",121.1
LBI713,"571,615.36","275,246.33",121.1
LBI717,"571,443.20","274,960.89",121.1
LBI720,"571,271.05","274,675.45",121.1
LBI723,"571,109.50","274,384.17",116.6
LBI727,"570,949.06","274,063.77",116.6
LBI730,"570,811.00","273,788.07",116.6
LBI733,"570,661.75","273,490.01",116.6
LBI737,"570,512.50","273,191.96",116.6
LBI740,"570,363.25","272,893.91",116.6
LBI743,"570,214.00","272,595.85",116.6
LBI747,"570,064.75","272,297.80",116.6
LBI750,"569,915.50","271,999.75",116.6
LBI753,"569,766.25","271,701.70",116.6
LBI757,"569,617.00","271,403.64",116.6
LBI760,"569,467.75","271,105.59",116.6
LBI763,"569,318.50","270,807.54",116.6
LBI767,"569,169.25","270,509.48",116.6
LBI770,"569,020.01","270,211.43",116.6
LBI773,"568,867.51","269,915.05",117.89
LBI777,"568,711.59","269,620.43",117.89
LBI780,"568,555.66","269,325.82",117.89
LBI783,"568,399.74","269,031.20",117.89
LBI787,"568,243.81","268,736.58",117.89
LBI790,"568,087.89","268,441.97",117.89
LBI793,"567,931.97","268,147.35",117.89
LBI797,"567,764.35","267,830.63",117.89
LBI800,"567,620.12","267,558.12",117.89
LBI803,"567,464.19","267,263.50",117.89
LBI807,"567,308.27","266,968.89",117.89
LBI810,"567,152.34","266,674.27",117.89
LBI813,"566,996.42","266,379.65",117.89
LBI817,"566,840.49","266,085.04",117.89
LBI820,"566,670.68","265,769.63",120.5
LBI823,"566,500.95","265,512.21",123.4
LBI827,"566,317.46","265,233.93",123.4
LBI830,"566,133.97","264,955.64",123.4
LBI833,"565,950.49","264,677.35",123.4
LBI837,"565,767.00","264,399.07",123.4
LBI840,"565,583.51","264,120.78",123.4
LBI843,"565,400.02","263,842.50",123.4
LBI847,"565,216.53","263,564.21",123.4
LBI850,"565,033.05","263,285.92",123.4
LBI853,"564,849.56","263,007.64",123.4
LBI857,"564,666.07","262,729.35",123.4
LBI860,"564,482.58","262,451.06",123.4
LBI863,"564,187.68","262,138.01",138.27
LBI867,"564,013.54","261,982.71",138.27
LBI870,"563,764.76","261,760.85",124
LBI873,"563,530.18","261,551.65",127.35
LBI877,"563,316.41","261,271.55",127.35
LBI880,"563,114.19","261,006.56",124
LBI883,"562,911.96","260,741.58",127.35
LBI887,"562,709.74","260,476.60",127.35
LBI890,"562,507.51","260,211.61",124
LBI893,"562,305.29","259,946.63",127.35
LBI897,"562,103.06","259,681.65",127.35
LBI900,"561,900.84","259,416.66",124
LBI903,"561,698.61","259,151.68",127.35
LBI907,"561,496.39","258,886.70",127.35
LBI910,"561,284.94","258,616.97",124
LBI913,"561,096.67","258,353.64",118.86
LBI917,"560,935.79","258,061.71",118.86
LBI920,"560,774.90","257,769.77",124
LBI923,"560,614.01","257,477.84",118.86
LBI927,"560,453.13","257,185.90",118.86
LBI930,"560,292.24","256,893.96",124
LBI933,"560,131.36","256,602.03",118.86
LBI937,"559,970.47","256,310.09",118.86
LBI940,"559,809.58","256,018.15",124
LBI943,"559,648.70","255,726.22",118.86
LBI947,"559,487.81","255,434.28",118.86
LBI950,"559,326.92","255,142.35",124
LBI953,"559,166.04","254,850.41",118.86
LBI957,"559,005.15","254,558.47",118.86
LBI960,"558,723.79","254,489.67",124
LBI963,"558,433.93","254,425.38",125.01
LBI967,"558,242.68","254,152.37",125.01
LBI970,"558,051.43","253,879.36",124
LBI973,"557,860.18","253,606.35",125.01
LBI977,"557,668.93","253,333.34",125.01
LBI980,"557,477.68","253,060.33",124
LBI983,"557,286.43","252,787.32",125.01
LBI987,"557,095.18","252,514.31",125.01
LBI990,"556,903.93","252,241.30",124
LBI993,"556,712.68","251,968.29",125.01
LBI997,"556,521.43","251,695.28",125.01
BI00B,"537,938.04","226,852.73",67.38
BI00A,"530,188.65","220,040.45",160.935
BI01,"540,218.00","226,166.00",8.2
BI02,"540,561.00","226,210.00",154
BI03,"540,948.00","226,365.00",135
BI03A,"541,370.00","227,020.00",108
BI04,"539,021.50","221,577.70",24.6
BI05,"539,682.10","221,527.10",25.1
BI05A,"539,886.10","221,189.60",40.3
BI06,"540,090.10","220,852.10",55.5
BI07,"540,618.20","221,107.10",117.3
BI08,"538,996.60","219,116.10",119.5
BI09,"538,094.90","218,011.40",127.3
BI10,"537,224.90","217,053.40",132.5
BI11,"536,427.90","216,024.70",135
BI12,"535,866.30","215,272.40",134.2
BI13,"535,268.30","214,471.10",133.7
BI14,"534,670.20","213,669.70",131.6
BI15,"534,072.20","212,868.40",127.6
BI16,"533,510.80","212,040.80",124.2
BI17,"533,230.10","211,627.00",130.2
BI18,"532,940.50","211,220.40",133
BI19,"532,599.80","210,854.50",133
BI20,"532,259.10","210,488.50",133
BI21,"531,918.30","210,122.60",131
BI22,"531,577.60","209,756.60",129.1
BI23,"531,256.80","209,373.90",127.4
BI24,"530,953.10","208,976.70",128.2
BI25,"530,649.40","208,579.50",127.4
BI26,"530,345.70","208,182.30",127.4
BI27,"530,030.20","207,795.10",132.8
BI28,"529,690.70","207,428.00",132.8
BI29,"529,351.20","207,060.90",132.8
BI30,"529,011.80","206,693.80",132.8
BI31,"528,600.00","206,257.60",135.2
BI32,"528,310.60","205,981.50",136.3
BI33,"527,948.90","205,636.30",136.3
BI34,"527,587.20","205,291.10",136.3
BI35,"527,063.90","204,858.90",137.4
BI36,"526,335.30","204,285.40",140.4
BI37,"525,535.20","203,685.80",142.5
BI38,"524,735.00","203,086.10",142.8
BI39,"523,934.90","202,486.50",143.7
BI40,"523,134.80","201,886.80",143.7
BI41,"522,081.30","201,211.00",143.7
BI42,"520,608.50","200,266.00",147.3
BI43,"519,518.40","198,986.00",147.1
AB051,"517,566.96","193,823.78",147
AB001,"517,495.34","193,584.11",147
AB052,"517,262.37","192,936.56",149
AB002,"516,979.31","192,730.63",150
AB053,"516,655.68","192,495.61",150
AB054,"516,450.38","192,353.16",151
AB003,"516,217.75","192,206.44",152
AB055,"515,858.27","191,979.79",153
AB004,"515,435.28","191,713.12",153
AB005,"514,990.90","191,484.54",154
AB006,"514,543.36","191,261.59",154
AB056,"514,364.35","191,172.50",154
AB007,"514,095.53","191,039.25",155
AB008,"513,642.99","190,826.62",156
AB009,"513,099.95","190,571.47",157
AB010,"512,630.39","190,408.90",158
AB011,"512,142.03","190,301.64",159
AB012,"511,653.67","190,194.38",159
AB013,"511,195.93","189,994.60",159
AB014,"510,268.58","189,627.89",158
AB015,"509,785.06","189,500.58",158
AB016,"509,306.08","189,359.50",158
AB017,"508,378.21","188,986.71",157
AB018,"507,464.65","188,580.00",156
AB019,"506,556.25","188,161.91",155
AB020,"505,669.13","187,702.39",150
AB021,"504,806.81","187,196.13",149
AB022,"503,950.17","186,680.22",149
AB023,"503,091.37","186,168.17",149
AB024,"502,216.39","185,684.06",149
AB025,"501,355.05","185,176.04",149
AB026,"500,491.98","184,670.95",149
AB027,"499,635.12","184,155.54",148
AB028,"498,786.73","183,626.21",148
AB029,"498,313.72","183,326.46",148
AB030,"497,092.72","182,563.06",148
AB031,"496,244.50","182,033.42",148
AB032,"495,396.58","181,503.30",148
AB033,"494,516.04","181,033.01",147
AB034,"493,388.93","180,225.16",147
AB035,"492,858.68","179,944.39",147
AB036,"492,027.26","179,392.89",146
AB037,"491,218.58","178,804.66",145
AB038,"490,403.84","178,224.96",145
AB039,"489,569.56","177,673.61",145
AB040,"488,716.66","177,151.68",145
AB041,"487,896.53","176,582.53",144
AB042,"487,104.32","175,972.31",143
AB043,"486,337.60","175,332.20",139
AB044,"485,605.90","174,650.58",137
AB045,"484,890.53","173,951.88",137
AB046,"484,160.38","173,268.74",137
AB047,"483,424.73","172,591.37",137
AB048,"482,734.58","171,868.17",137
AB049,"482,324.90","171,429.81",137
AB050,"481,685.64","171,287.63",177
OC100,"476,538.97","168,646.01",60.43
OC101,"476,733.24","168,338.67",44.55
OC102,"476,849.89","168,126.01",61.04
OC103,"476,966.63","167,912.88",44.55
OC104,"477,240.72","167,461.59",42.9
OC105,"477,307.57","167,167.62",87.17
OC105,"477,307.57","167,167.62",87.17
OC106,"477,144.77","166,375.96",98.86
OC107,"477,005.47","165,699.37",104.03
OC108,"476,895.74","165,315.53",104.03
OC109,"476,698.94","165,042.76",128.21
OC110,"476,207.86","164,411.21",128.21
OC111,"475,854.27","163,735.48",130.91
OC112,"475,280.64","163,073.57",135.15
OC113,"474,703.61","162,459.63",135.15
OC114,"474,312.59","162,101.34",137.47
OC115,"473,826.19","161,763.64",154.31
OC116,"473,378.00","161,539.80",152.5
OC117,"472,666.00","161,169.67",155.73
OC118,"472,212.91","160,965.24",155.73
OC119,"471,756.92","160,759.66",155.73
OC120,"471,210.07","160,514.46",156.34
OC121,"470,842.96","160,353.64",156.34
OC122,"470,116.63","160,019.83",149
OC123,"469,517.40","159,659.78",149
OC123,"469,517.40","159,659.78",149
OC124,"469,015.14","159,331.16",143.96
OC125,"468,692.02","159,096.06",143.96
OC126,"467,883.43","158,507.98",143.96
OC127,"467,473.61","158,159.62",137.11
OC128,"467,120.66","157,861.46",139.69
OC129,"466,358.07","157,214.48",139.69
OC130,"465,787.21","156,667.66",137.11
OC131,"465,290.56","156,162.32",134.49
OC132,"464,589.88","155,448.94",134.49
OC133,"463,866.51","154,689.05",130.11
OC134,"463,221.51","153,991.54",132.74
OC135,"462,542.87","153,257.10",132.74
OC136,"461,875.07","152,512.30",131.44
OC136,"461,875.07","152,512.30",131.44
OC137,"461,213.23","151,762.69",131.44
LI048,"430,779.92","104,792.66",25.07
LI047,"430,874.52","104,646.30",193.73
OC138 (OC050),"460,882.31","151,387.83",131.44
OC139 (OC051),"460,528.13","150,986.83",128.11
OC140 (OC052),"459,805.47","150,073.57",128.12
OC141 (OC053),"459,062.61","149,164.25",126.83
OC142 (OC054),"458,388.72","148,264.49",126.84
OC143 (OC063),"457,907.50","147,621.80",126.828
OC144 (OC055),"457,382.93","146,921.34",124.59
OC145 (OC064),"456,914.60","146,242.30",124.592
OC146 (OC065),"456,346.80","145,419.00",124.592
OC147 (OC056),"455,792.30","144,614.72",124.59
OC148 (OC066),"455,154.70","143,690.50",124.592
OC149 (OC057),"454,518.66","142,768.24",125.45
OC150 (OC058),"453,869.53","141,857.11",125.45
OC151 (OC067),"453,399.10","141,196.20",125.45
OC152 (OC059),"452,598.66","140,072.03",121.88
OC153 (OC068),"451,617.20","138,493.90",121.89
LI001,"448,794.85","134,498.89",29.59
LI002,"448,819.31","134,419.88",50.75
LI003,"448,908.71","134,399.76",75.86
LI004,"449,268.37","133,977.09",84.4
LI005,"449,045.97","133,535.99",119.14
LI006,"448,485.48","132,710.49",127.05
LI007,"447,868.05","131,892.68",127.05
LI008,"447,081.20","131,267.77",131.93
LI009,"446,407.21","130,529.03",132.38
LI010,"445,729.17","129,785.85",127.56
LI011,"445,119.53","128,993.16",127.56
LI012,"444,509.90","128,200.48",127.56
LI013,"443,913.50","127,398.39",123.2
LI014,"443,365.97","126,561.61",123.2
LI015,"442,818.43","125,724.83",123.2
LI016,"442,290.19","124,876.44",118.86
LI017,"441,807.45","124,000.67",118.86
LI018,"441,345.83","123,113.96",115.95
LI019,"440,909.67","122,214.10",115.46
LI020,"440,479.78","121,311.22",115.46
LI021,"440,157.36","120,634.05",115.46
LI022,"439,834.94","119,956.89",115.46
LI023,"439,552.68","119,364.08",120.7
LI024,"439,195.31","118,762.17",120.7
LI025,"438,812.42","118,117.28",120.7
LI026,"438,506.10","117,601.36",120.7
LI027,"437,995.57","116,741.50",120.7
LI028,"437,511.87","115,926.82",120.7
LI029,"437,039.88","115,194.56",122.8
LI030,"436,775.02","114,770.47",121.99
LI031,"436,245.30","113,922.30",121.99
LI032,"435,760.72","113,048.78",116.63
LI033,"435,491.80","112,512.42",116.63
LI034,"435,089.57","111,597.31",112.85
LI035,"434,856.56","111,044.41",112.85
LI036,"434,495.56","110,187.82",112.85
LI037,"434,146.82","109,250.59",110.41
LI038,"433,937.58","108,688.26",110.41
LI039,"433,583.36","107,753.20",112.56
LI040,"433,314.85","107,106.75",112.56
LI041,"432,875.72","106,233.19",118.25
LI042,"432,475.14","105,601.92",128.98
LI043,"432,133.29","105,179.53",128.98
LI044,"431,803.30","104,882.40",138
LI045,"431,335.79","104,728.19",161.99
LI046,"431,094.49","104,627.23",193.73
SM002,"433,459.90","99,725.55",123.29
SM003,"433,466.70","99,644.36",115.35
SM004,"433,252.60","99,192.52",115.35
SM005,"433,130.50","98,934.91",122.56
SM006,"433,038.50","98,740.67",115.35
SM007,"432,883.00","98,412.61",124.1
SM008,"432,807.90","98,298.16",123.83
SM009,"432,557.54","97,924.23",123.83
SM010,"432,423.60","97,724.80",123.88
SM011,"432,251.20","97,467.50",123.83
SM012,"431,972.80","97,052.17",123.83
SM013,"431,846.20","96,881.38",123.6
SM014,"431,670.60","96,653.95",127.66
SM015,"431,442.90","96,358.97",124.58
SM016,"431,365.10","96,258.14",127.66
SM017,"431,059.60","95,862.34",127.66
SM018,"430,533.40","95,287.40",123.42
SM060,"430,135.39","94,958.79",127.1
SM019,"429,806.50","94,687.24",126.6
SM061,"429,364.82","94,321.45",127.1
SM020,"428,931.40","93,943.37",127.58
SM062,"428,611.27","93,664.07",127.3
SM021,"428,460.60","93,532.60",138.9
SM063,"428,083.78","93,203.90",127.3
SM022,"427,145.80","92,057.13",126.95
SM064,"426,836.48","91,647.13",127
SM065,"426,535.32","91,248.00",127
SM066,"426,234.16","90,848.87",127
SM023,"425,933.10","90,449.82",127.04
SM024,"424,806.40","88,952.10",123.75
SM025,"423,478.30","86,837.89",120.1
SM026,"423,143.70","86,305.31",122.14
SM027,"422,638.70","85,442.68",118.67
SM028,"422,159.00","84,565.26",118.67
SM029,"421,919.20","84,126.55",115.16
SM030,"421,709.00","83,671.58",115.16
SM031,"421,496.90","83,219.98",115.16
SM032,"421,284.30","82,767.43",115.16
SM033,"421,071.70","82,314.88",115.16
SM034,"420,827.30","81,879.63",122.02
SM035,"420,562.20","81,455.70",122.02
SM036,"420,297.10","81,031.77",122.02
SM037,"420,032.00","80,607.83",122.02
SM038,"419,760.70","80,187.91",123.44
SM039,"419,485.20","79,770.65",123.44
SM040,"419,209.70","79,353.40",123.44
SM041,"418,934.20","78,936.15",123.44
SM042,"418,663.70","78,515.57",122.42
SM043,"418,395.70","78,093.49",122.42
SM044,"418,127.60","77,671.40",122.42
SM045,"417,852.60","77,254.02",124.82
SM046,"417,567.10","76,843.56",124.82
SM047,"417,281.60","76,433.09",124.82
SM048,"416,996.10","76,022.62",124.82
SM049,"416,719.90","75,629.96",117.1
SM050,"416,416.40","75,207.79",125.71
SM051,"416,124.60","74,801.80",125.71
SM052,"415,832.70","74,395.82",125.71
SM053,"415,576.00","73,969.11",115.38
SM054,"415,361.70","73,517.37",115.38
SM055,"415,147.70","73,065.48",115.38
SM056,"414,933.00","72,613.90",115.38
SM057,"413,867.55","72,955.81",217.29
SM058,"413,994.93","72,775.77",196.92
SM059,"414,212.40","72,723.01",176.68
WW01,"409,600.57","63,276.17",55.167
WW02,"409,994.81","62,356.73",65.167
WW03,"410,566.17","61,535.98",85.167
WW04,"410,609.74","61,439.60",133
WW05,"410,050.71","60,850.02",133
WW06,"409,389.08","60,331.73",133
WW07,"409,045.93","59,983.76",133.5
WW08,"408,646.96","59,579.19",133.5
WW09,"408,103.39","59,028.00",133.5
WW10,"407,520.73","58,437.17",133.5
WW11,"407,065.70","58,110.57",134
WW12,"406,388.97","57,628.34",134
WW13,"405,633.22","57,246.81",134
WW14,"405,082.13","56,972.64",136
WW15,"404,461.33","56,570.57",136
WW16,"403,994.58","56,261.38",136
WW17,"403,456.58","55,752.41",138
WW18,"402,904.93","55,230.53",138
WW19,"402,385.58","54,739.20",138
WW20,"401,906.22","54,405.63",139.5
WW21,"401,215.08","53,946.88",139.5
WW22,"400,651.36","53,421.92",139.5
WW23,"400,077.35","52,887.38",139.5
WW24,"399,626.82","52,467.82",138
WW25,"399,165.24","52,037.99",138
WW26,"398,748.63","51,650.03",138
WW27,"398,163.18","51,104.83",138
WW28,"397,659.59","50,635.86",138
WW29,"397,138.63","50,150.73",138
WW30,"396,714.27","49,727.07",138
WW31,"396,238.94","49,218.95",138
WW32,"395,826.17","48,777.71",135.5
WW33,"395,347.97","48,266.51",135.5
WW34,"394,921.00","47,810.09",135.5
WW35,"394,459.87","47,317.15",134.5
WW36,"394,041.77","46,887.22",134.5
WW37,"393,571.43","46,450.07",134.5
WW38,"393,089.55","46,002.19",133
WW39,"392,723.31","45,661.80",133
WW40,"392,307.33","45,275.18",133
WW41,"391,849.61","44,839.38",133
WW42,"391,374.95","44,367.11",133
WW43,"390,308.20","43,331.09",131
WW44,"389,322.73","42,460.97",130
WW45,"388,406.87","41,300.91",130
WW46,"387,741.09","40,255.00",130
CM001,"385,531.51","41,162.12",150.44
CM003,"384,816.01","40,814.52",165.18
CM004,"384,042.61","40,609.92",165.18
CM005,"383,084.71","40,320.52",163.19
CM006,"382,127.71","40,031.42",163.29
CM007,"381,553.81","39,859.12",163.29
CM008,"381,170.71","39,744.12",163.29
CM009,"380,846.81","38,740.62",163
CM010,"380,189.71","38,284.22",163
CM011,"379,797.11","37,788.22",162.61
CM012,"379,224.51","37,609.02",162.61
CM013,"377,825.81","37,071.12",157.25
CM014,"376,719.51","36,605.82",157.16
CM015,"376,074.51","36,334.12",157.16
CM016,"375,705.91","36,178.82",157.16
CM018,"374,945.61","35,944.02",168.84
CM019,"374,356.91","35,827.92",168.84
CM020,"373,965.21","35,746.02",168.18
CM022,"372,776.71","35,603.02",177.17
CM023,"372,477.51","35,588.12",177.17
CM024,"371,578.11","35,547.22",177.95
CM026,"370,778.91","35,518.62",177.95
CM027,"370,179.11","35,497.12",177.95
CM028,"369,579.51","35,475.52",177.95
CM029,"369,179.81","35,461.22",177.95
CM030,"368,780.01","35,447.02",177.95
CMM00,"368,523.71","35,532.52",193.35
CMM01,"368,356.91","35,896.02",193.35
CMM03,"367,999.81","36,169.32",193.35
CMM04,"367,513.31","36,284.72",193.35
CMM05,"367,026.81","36,400.22",193.35
CMM07,"366,053.81","36,631.12",193.35
CMM08,"365,561.21","36,706.62",184.15
CMM10,"364,563.81","36,779.02",184.15
CMM12,"363,568.71","36,695.42",174.39
CMM14,"362,591.71","36,482.82",167.26
CMM15,"362,104.71","36,372.72",167.26
CMM16,"361,620.51","36,247.52",164.76
CMM17,"361,367.21","36,178.52",172.77
CMM18,"361,104.81","36,160.42",180.78
CMP19,"361,005.61","36,224.42",180.78
CMP20,"360,864.81","36,315.32",186.87
CMP21,"360,679.51","36,144.12",192.9
CMP22,"360,590.11","36,201.82",192.83
CMP23,"360,443.81","36,296.22",199.04
CMP24,"360,305.11","36,385.62",205.14
CMP25,"360,220.41","36,440.32",205.13
CMP26,"360,074.11","36,534.72",208.91
CMP27,"359,929.31","36,628.12",212.66
CMP28,"359,845.31","36,682.32",212.59
CMP29,"359,684.21","36,786.32",214.39
CMP30,"359,522.61","36,890.52",216.21
CMP31,"359,479.01","37,147.22",217.91
CMP32,"359,427.01","37,242.92",217.91
CMP33,"359,285.41","37,334.32",223.06
CMP34,"359,139.21","37,428.62",228.21
CMP35,"358,985.51","37,527.72",233.27
CMP36,"358,895.71","37,585.62",233.17
CMP37,"358,984.11","37,860.52",236.83
CMP38,"358,888.11","37,998.52",240.35
CMP39,"358,790.81","38,138.22",243.93
OW01,"201,601.82","260,717.39",315.692
OW02,"201,904.22","261,166.30",315.692
OW03,"202,258.53","261,512.19",314.826
OW04,"202,583.11","261,859.29",314.527
OW05,"202,943.07","262,234.56",313.244
OW06,"203,325.49","262,615.77",310.698
OW07,"203,613.35","262,948.60",310.594
OW08,"203,925.92","263,319.44",307.978
OW09,"204,264.01","263,707.93",303.94
OW10,"204,537.97","264,102.07",301.692
OW11,"204,820.52","264,538.60",298.072
OW12,"205,061.67","264,947.85",296.75
OW13,"205,275.85","265,394.09",314.197
OW14,"205,425.63","265,871.03",295.585
OW15,"205,621.89","266,339.66",294.357
OW16,"205,852.84","266,803.12",295.82
OW17,"206,073.60","267,212.38",297.261
OW18,"206,297.13","267,665.23",294.344
OW19,"201,902.23","270,120.54",292.575
